theme,image,pieces,minifigs,us_price,owner,name,want_it,number,eu_price,rating,year,subtheme
Advanced Models,https://images.brickset.com/sets/small/10255-1.jpg,4002,9,279.99,8216,Assembly Square,5437,10255,239.99,5.0,2017,Modular Buildings
Advanced Models,https://images.brickset.com/sets/small/10256-1.jpg,5923,,369.99,1361,Taj Mahal,1539,10256,329.99,,2017,Buildings
Advanced Models,https://images.brickset.com/sets/small/10257-1.jpg,2670,7,199.99,3735,Carousel,2953,10257,179.99,4.8,2017,Fairground
Advanced Models,https://images.brickset.com/sets/small/10258-1.jpg,1686,,139.99,3819,London Bus,2365,10258,119.99,4.0,2017,Vehicles
Advanced Models,https://images.brickset.com/sets/small/10259-1.jpg,902,5,79.99,5412,Winter Village Station,1940,10259,69.99,4.0,2017,Winter Village
Classic,https://images.brickset.com/sets/small/10703-1.jpg,502,,,1066,Creative Builder Box,379,10703,24.99,4.0,2017,
Classic,https://images.brickset.com/sets/small/10704-1.jpg,900,,,1040,Creative Box,266,10704,34.99,,2017,
Classic,https://images.brickset.com/sets/small/10706-1.jpg,78,,4.99,2394,Blue Creative Box,175,10706,4.99,4.5,2017,
Classic,https://images.brickset.com/sets/small/10707-1.jpg,55,,4.99,1927,Red Creative Box,156,10707,4.99,4.3,2017,
Classic,https://images.brickset.com/sets/small/10708-1.jpg,66,,4.99,2133,Green Creative Box,176,10708,4.99,5.0,2017,
Classic,https://images.brickset.com/sets/small/10709-1.jpg,60,,4.99,2027,Orange Creative Box,164,10709,4.99,5.0,2017,
Juniors,https://images.brickset.com/sets/small/10730-1.jpg,47,1,9.99,1247,Lightning McQueen Speed Launcher,184,10730,9.99,,2017,Cars 3
Juniors,https://images.brickset.com/sets/small/10731-1.jpg,59,1,9.99,852,Cruz Ramirez Race Simulator,161,10731,9.99,,2017,Cars 3
Juniors,https://images.brickset.com/sets/small/10732-1.jpg,75,2,9.99,895,Guido and Luigi's Pit Stop,174,10732,9.99,,2017,Cars 3
Juniors,https://images.brickset.com/sets/small/10733-1.jpg,62,1,9.99,1161,Mater's Junkyard,193,10733,9.99,,2017,Cars 3
Juniors,https://images.brickset.com/sets/small/10734-1.jpg,175,3,29.99,445,Demolition Site,268,10734,29.99,,2017,City
Juniors,https://images.brickset.com/sets/small/10735-1.jpg,90,2,19.99,374,Police Truck Chase,163,10735,19.99,,2017,City
Juniors,https://images.brickset.com/sets/small/10736-1.jpg,94,2,24.99,639,Anna and Elsa's Frozen Playground,269,10736,24.99,,2017,Disney Princess
Juniors,https://images.brickset.com/sets/small/10737-1.jpg,63,2,14.99,1248,Batman vs. Mr. Freeze,406,10737,14.99,3.0,2017,DC Comics Super Heroes
Juniors,https://images.brickset.com/sets/small/10738-1.jpg,67,1,14.99,815,Snow White's Forest Cottage,237,10738,14.99,,2017,Disney Princess
Juniors,https://images.brickset.com/sets/small/10739-1.jpg,108,3,19.99,632,Shark Attack,210,10739,19.99,,2017,Ninjago
Juniors,https://images.brickset.com/sets/small/10740-1.jpg,110,2,19.99,457,Fire Patrol Suitcase,133,10740,19.99,,2017,City
Juniors,https://images.brickset.com/sets/small/10742-1.jpg,95,2,19.99,756,Willy's Butte Speed Training,179,10742,19.99,,2017,Cars 3
Juniors,https://images.brickset.com/sets/small/10743-1.jpg,116,3,19.99,777,Smokey's Garage,202,10743,24.99,,2017,Cars 3
Juniors,https://images.brickset.com/sets/small/10744-1.jpg,191,4,34.99,627,Thunder Hollow Crazy 8 Race,203,10744,39.99,,2017,Cars 3
Juniors,https://images.brickset.com/sets/small/10745-1.jpg,266,5,49.99,574,Florida 500 Final Race,221,10745,49.99,,2017,Cars 3
Juniors,https://images.brickset.com/sets/small/10746-1.jpg,100,1,19.99,283,Mia's Farm Suitcase,114,10746,19.99,,2017,Friends
Juniors,https://images.brickset.com/sets/small/10747-1.jpg,143,2,29.99,208,Andrea and Stephanie's Beach Holiday,153,10747,29.99,,2017,Friends
Duplo,https://images.brickset.com/sets/small/10823-1.jpg,28,2,29.99,212,Batwing Adventure,96,10823,29.99,,2017,
Duplo,https://images.brickset.com/sets/small/10832-1.jpg,19,3,14.99,196,Birthday Party,52,10832,14.99,,2017,
Duplo,https://images.brickset.com/sets/small/10833-1.jpg,39,3,19.99,203,Nursery School,61,10833,19.99,,2017,
Duplo,https://images.brickset.com/sets/small/10834-1.jpg,57,3,29.99,232,Pizzeria,74,10834,29.99,,2017,
Duplo,https://images.brickset.com/sets/small/10835-1.jpg,69,3,39.99,186,Family House,94,10835,39.99,,2017,
Duplo,https://images.brickset.com/sets/small/10836-1.jpg,98,5,59.99,91,Neighborhood,84,10836,59.99,,2017,
Duplo,https://images.brickset.com/sets/small/10837-1.jpg,,3,29.99,318,Santa's Winter Holiday,101,10837,29.99,,2017,
Duplo,https://images.brickset.com/sets/small/10838-1.jpg,15,,9.99,444,Pets,72,10838,9.99,5.0,2017,
Duplo,https://images.brickset.com/sets/small/10839-1.jpg,,2,24.99,98,Shooting Gallery,51,10839,24.99,,2017,
Duplo,https://images.brickset.com/sets/small/10840-1.jpg,106,5,79.99,148,Big Fair,85,10840,79.99,,2017,
Duplo,https://images.brickset.com/sets/small/10841-1.jpg,,4,39.99,81,Fun Family Fair,54,10841,44.99,,2017,
Duplo,https://images.brickset.com/sets/small/10842-1.jpg,73,4,49.99,175,Batcave Challenge,101,10842,49.99,,2017,Batman
Duplo,https://images.brickset.com/sets/small/10843-1.jpg,,1,14.99,175,Mickey Racer,45,10843,14.99,,2017,Mickey and the Roadster Racers
Duplo,https://images.brickset.com/sets/small/10844-1.jpg,,2,39.99,125,Minnie Mouse Bow-tique,62,10844,39.99,5.0,2017,
Duplo,https://images.brickset.com/sets/small/10845-1.jpg,24,3,24.99,282,My First Carousel,54,10845,24.99,,2017,
name,number
Assembly Square,10255
Taj Mahal,10256
Carousel,10257
London Bus,10258
Winter Village Station,10259
Creative Builder Box,10703
Creative Box,10704
Blue Creative Box,10706
Red Creative Box,10707
Green Creative Box,10708
Orange Creative Box,10709
Lightning McQueen Speed Launcher,10730
Cruz Ramirez Race Simulator,10731
Guido and Luigi's Pit Stop,10732
Mater's Junkyard,10733
Demolition Site,10734
Police Truck Chase,10735
Anna and Elsa's Frozen Playground,10736
Batman vs. Mr. Freeze,10737
Snow White's Forest Cottage,10738
Shark Attack,10739
Fire Patrol Suitcase,10740
Willy's Butte Speed Training,10742
Smokey's Garage,10743
Thunder Hollow Crazy 8 Race,10744
Florida 500 Final Race,10745
Mia's Farm Suitcase,10746
Andrea and Stephanie's Beach Holiday,10747
Batwing Adventure,10823
Birthday Party,10832
Nursery School,10833
Pizzeria,10834
Family House,10835
Neighborhood,10836
Santa's Winter Holiday,10837
Pets,10838
Shooting Gallery,10839
Big Fair,10840
Fun Family Fair,10841
Batcave Challenge,10842
Mickey Racer,10843
Minnie Mouse Bow-tique,10844
My First Carousel,10845
number,name
10255,Assembly Square
10256,Taj Mahal
10257,Carousel
10258,London Bus
10259,Winter Village Station
10703,Creative Builder Box
10704,Creative Box
10706,Blue Creative Box
10707,Red Creative Box
10708,Green Creative Box
10709,Orange Creative Box
10730,Lightning McQueen Speed Launcher
10731,Cruz Ramirez Race Simulator
10732,Guido and Luigi's Pit Stop
10733,Mater's Junkyard
10734,Demolition Site
10735,Police Truck Chase
10736,Anna and Elsa's Frozen Playground
10737,Batman vs. Mr. Freeze
10738,Snow White's Forest Cottage
10739,Shark Attack
10740,Fire Patrol Suitcase
10742,Willy's Butte Speed Training
10743,Smokey's Garage
10744,Thunder Hollow Crazy 8 Race
10745,Florida 500 Final Race
10746,Mia's Farm Suitcase
10747,Andrea and Stephanie's Beach Holiday
10823,Batwing Adventure
10832,Birthday Party
10833,Nursery School
10834,Pizzeria
10835,Family House
10836,Neighborhood
10837,Santa's Winter Holiday
10838,Pets
10839,Shooting Gallery
10840,Big Fair
10841,Fun Family Fair
10842,Batcave Challenge
10843,Mickey Racer
10844,Minnie Mouse Bow-tique
10845,My First Carousel
name,number
Assembly Square,10255
Taj Mahal,10256
Carousel,10257
London Bus,10258
Winter Village Station,10259
Creative Builder Box,10703
Creative Box,10704
Blue Creative Box,10706
Red Creative Box,10707
Green Creative Box,10708
Orange Creative Box,10709
Lightning McQueen Speed Launcher,10730
Cruz Ramirez Race Simulator,10731
Guido and Luigi's Pit Stop,10732
Mater's Junkyard,10733
Demolition Site,10734
Police Truck Chase,10735
Anna and Elsa's Frozen Playground,10736
Batman vs. Mr. Freeze,10737
Snow White's Forest Cottage,10738
Shark Attack,10739
Fire Patrol Suitcase,10740
Willy's Butte Speed Training,10742
Smokey's Garage,10743
Thunder Hollow Crazy 8 Race,10744
Florida 500 Final Race,10745
Mia's Farm Suitcase,10746
Andrea and Stephanie's Beach Holiday,10747
Batwing Adventure,10823
Birthday Party,10832
Nursery School,10833
Pizzeria,10834
Family House,10835
Neighborhood,10836
Santa's Winter Holiday,10837
Pets,10838
Shooting Gallery,10839
Big Fair,10840
Fun Family Fair,10841
Batcave Challenge,10842
Mickey Racer,10843
Minnie Mouse Bow-tique,10844
My First Carousel,10845
